<?xml version="1.0" encoding="UTF-8"?>
<project-private xmlns="http://www.netbeans.org/ns/project-private/1">
    <editor-bookmarks xmlns="http://www.netbeans.org/ns/editor-bookmarks/2" lastBookmarkId="0"/>
    <open-files xmlns="http://www.netbeans.org/ns/projectui-open-files/2">
        <group>
            <file>file:/C:/Users/afifa/Documents/KULIAH!/Semester%203/Project%20UAS/ReStar%20HairSalon%20FINAL/ReStar%20HairSalon%20(2)/ReStar%20HairSalon/src/view/menuPerawatanRambut.java</file>
            <file>file:/C:/Users/afifa/Documents/KULIAH!/Semester%203/Project%20UAS/ReStar%20HairSalon%20FINAL/ReStar%20HairSalon%20(2)/ReStar%20HairSalon/src/database/CommonConstants.java</file>
            <file>file:/C:/Users/afifa/Documents/KULIAH!/Semester%203/Project%20UAS/ReStar%20HairSalon%20FINAL/ReStar%20HairSalon%20(2)/ReStar%20HairSalon/src/Login/FormLogin.java</file>
            <file>file:/C:/Users/afifa/Documents/KULIAH!/Semester%203/Project%20UAS/ReStar%20HairSalon%20FINAL/ReStar%20HairSalon%20(2)/ReStar%20HairSalon/src/Sesi/SessionManager.java</file>
            <file>file:/C:/Users/afifa/Documents/KULIAH!/Semester%203/Project%20UAS/ReStar%20HairSalon%20FINAL/ReStar%20HairSalon%20(2)/ReStar%20HairSalon/src/database/MyJDBC.java</file>
            <file>file:/C:/Users/afifa/Documents/KULIAH!/Semester%203/Project%20UAS/ReStar%20HairSalon%20FINAL/ReStar%20HairSalon%20(2)/ReStar%20HairSalon/src/view/beranda.java</file>
            <file>file:/C:/Users/afifa/Documents/KULIAH!/Semester%203/Project%20UAS/ReStar%20HairSalon%20FINAL/ReStar%20HairSalon%20(2)/ReStar%20HairSalon/src/Reservasi/reservasi.java</file>
            <file>file:/C:/Users/afifa/Documents/KULIAH!/Semester%203/Project%20UAS/ReStar%20HairSalon%20FINAL/ReStar%20HairSalon%20(2)/ReStar%20HairSalon/src/menu/menuAdmin.java</file>
            <file>file:/C:/Users/afifa/Documents/KULIAH!/Semester%203/Project%20UAS/ReStar%20HairSalon%20FINAL/ReStar%20HairSalon%20(2)/ReStar%20HairSalon/src/Login/FormRegister.java</file>
            <file>file:/C:/Users/afifa/Documents/KULIAH!/Semester%203/Project%20UAS/ReStar%20HairSalon%20FINAL/ReStar%20HairSalon%20(2)/ReStar%20HairSalon/src/menu/menu.java</file>
            <file>file:/C:/Users/afifa/Documents/KULIAH!/Semester%203/Project%20UAS/ReStar%20HairSalon%20FINAL/ReStar%20HairSalon%20(2)/ReStar%20HairSalon/src/Reservasi/riwayatReservasi.java</file>
        </group>
    </open-files>
</project-private>
